{
  "1ft_2030": {
    "rise_ft": 1,
    "rise_m": 0.3048,
    "year": 2030,
    "area_km2": 107.8411341081491,
    "flooded_pct": 29.012999999999998
  },
  "3ft_2050": {
    "rise_ft": 3,
    "rise_m": 0.9144,
    "year": 2050,
    "area_km2": 138.00142514593549,
    "flooded_pct": 37.1271
  },
  "5ft_2070": {
    "rise_ft": 5,
    "rise_m": 1.524,
    "year": 2070,
    "area_km2": 163.76990072158696,
    "flooded_pct": 44.0597
  },
  "7ft_2100": {
    "rise_ft": 7,
    "rise_m": 2.1336,
    "year": 2100,
    "area_km2": 183.6395892140473,
    "flooded_pct": 49.405300000000004
  }
}