{
  "1ft_2030": {
    "rise_ft": 1,
    "rise_m": 0.3048,
    "year": 2030,
    "area_km2": 54.76714702624359,
    "flooded_pct": 29.016399999999997
  },
  "3ft_2050": {
    "rise_ft": 3,
    "rise_m": 0.9144,
    "year": 2050,
    "area_km2": 92.00383095822866,
    "flooded_pct": 37.131
  },
  "5ft_2070": {
    "rise_ft": 5,
    "rise_m": 1.524,
    "year": 2070,
    "area_km2": 109.11679484930163,
    "flooded_pct": 44.0421
  },
  "7ft_2100": {
    "rise_ft": 7,
    "rise_m": 2.1336,
    "year": 2100,
    "area_km2": 119.71481577039418,
    "flooded_pct": 49.3838
  }
}