{
  "1ft_2030": {
    "rise_ft": 1,
    "rise_m": 0.3048,
    "year": 2030,
    "area_km2": 107.48939350232742,
    "flooded_pct": 28.9184
  },
  "3ft_2050": {
    "rise_ft": 3,
    "rise_m": 0.9144,
    "year": 2050,
    "area_km2": 137.8510940032467,
    "flooded_pct": 37.0867
  },
  "5ft_2070": {
    "rise_ft": 5,
    "rise_m": 1.524,
    "year": 2070,
    "area_km2": 163.7474707773289,
    "flooded_pct": 44.0537
  },
  "7ft_2100": {
    "rise_ft": 7,
    "rise_m": 2.1336,
    "year": 2100,
    "area_km2": 183.65215482614494,
    "flooded_pct": 49.4087
  }
}