{
  "1ft_2030": {
    "rise_ft": 1,
    "rise_m": 0.3048,
    "year": 2030,
    "area_km2": 107.66475352864389,
    "flooded_pct": 28.9655
  },
  "3ft_2050": {
    "rise_ft": 3,
    "rise_m": 0.9144,
    "year": 2050,
    "area_km2": 137.96829037459997,
    "flooded_pct": 37.1182
  },
  "5ft_2070": {
    "rise_ft": 5,
    "rise_m": 1.524,
    "year": 2070,
    "area_km2": 163.85938908694996,
    "flooded_pct": 44.083800000000004
  },
  "7ft_2100": {
    "rise_ft": 7,
    "rise_m": 2.1336,
    "year": 2100,
    "area_km2": 183.7807330032716,
    "flooded_pct": 49.4433
  }
}