{
  "1ft_2030": {
    "rise_ft": 1,
    "rise_m": 0.3048,
    "year": 2030,
    "area_km2": 107.56189383947469,
    "flooded_pct": 28.9379
  },
  "3ft_2050": {
    "rise_ft": 3,
    "rise_m": 0.9144,
    "year": 2050,
    "area_km2": 137.6617893068462,
    "flooded_pct": 37.0358
  },
  "5ft_2070": {
    "rise_ft": 5,
    "rise_m": 1.524,
    "year": 2070,
    "area_km2": 163.55648895991988,
    "flooded_pct": 44.0023
  },
  "7ft_2100": {
    "rise_ft": 7,
    "rise_m": 2.1336,
    "year": 2100,
    "area_km2": 183.53598870038414,
    "flooded_pct": 49.3774
  }
}