scenario,rise_ft,year,flooded_area_km2,properties_at_risk,population_at_risk,economic_impact_millions
1ft_2030,1,2030,107.56189383947469,211709,575848,127025.4
3ft_2050,3,2050,137.6617893068462,270953,736992,162571.8
5ft_2070,5,2070,163.55648895991988,321921,875625,193152.6
7ft_2100,7,2100,183.53598870038414,361245,982586,216747.0
