scenario,rise_ft,year,flooded_area_km2,properties_at_risk,population_at_risk,economic_impact_millions
1ft_2030,1,2030,107.48939350232742,211566,575459,126939.6
3ft_2050,3,2050,137.8510940032467,271326,738006,162795.6
5ft_2070,5,2070,163.7474707773289,322297,876647,193378.2
7ft_2100,7,2100,183.65215482614494,361474,983209,216884.4
