scenario,rise_ft,year,flooded_area_km2,properties_at_risk,population_at_risk,economic_impact_millions
1ft_2030,1,2030,107.75548041321264,212090,576884,127254.0
3ft_2050,3,2050,137.96664794595534,271553,738624,162931.8
5ft_2070,5,2070,163.77758497192204,322356,876808,193413.6
7ft_2100,7,2100,183.70425976734754,361577,983489,216946.2
