scenario,rise_ft,year,flooded_area_km2,properties_at_risk,population_at_risk,economic_impact_millions
1ft_2030,1,2030,107.66475352864389,211911,576397,127146.6
3ft_2050,3,2050,137.96829037459997,271557,738635,162934.2
5ft_2070,5,2070,163.85938908694996,322517,877246,193510.2
7ft_2100,7,2100,183.7807330032716,361727,983897,217036.2
