scenario,rise_ft,year,flooded_area_km2,properties_at_risk,population_at_risk,economic_impact_millions
1ft_2030,1,2030,54.76714702624359,107795,293202,64677.0
3ft_2050,3,2050,92.00383095822866,181087,492556,108652.2
5ft_2070,5,2070,109.11679484930163,214769,584171,128861.4
7ft_2100,7,2100,119.71481577039418,235629,640910,141377.4
