scenario,rise_ft,year,flooded_area_km2,properties_at_risk,population_at_risk,economic_impact_millions
1ft_2030,1,2030,107.79272848827198,212163,577083,127297.8
3ft_2050,3,2050,137.98336798350135,271586,738713,162951.6
5ft_2070,5,2070,163.78366047050682,322368,876840,193420.8
7ft_2100,7,2100,183.54563740050384,361264,982638,216758.4
