scenario,rise_ft,year,flooded_area_km2,properties_at_risk,population_at_risk,economic_impact_millions
1ft_2030,1,2030,107.8411341081491,212259,577344,127355.4
3ft_2050,3,2050,138.00142514593549,271622,738811,162973.2
5ft_2070,5,2070,163.76990072158696,322341,876767,193404.6
7ft_2100,7,2100,183.6395892140473,361449,983141,216869.4
